长和,hk00001,BBB,BB,BB,BBB
中电控股,hk00002,BBB,BB,A,BBB
香港中华煤气,hk00003,A,BBB,A,A
九龙仓集团,hk00004,AA,BBB,A,A
汇丰控股,hk00005,BBB,BB,BBB,A
电能实业,hk00006,BBB,BB,BB,A
电讯盈科,hk00008,A,A,A,BBB
恒隆集团,hk00010,AA,BBB,A,A
恒基地产,hk00012,AA,BBB,A,A
和黄医药,hk00013,A,A,A,BBB
希慎兴业,hk00014,A,BB,BBB,A
新世界发展,hk00017,BBB,BBB,A,BB
东亚银行,hk00023,A,BBB,A,A
银河娱乐,hk00027,BB,BB,BBB,BB
天安,hk00028,B,B,BBB,B
九龙建业,hk00034,BB,B,A,BB
远东发展,hk00035,BB,BB,BBB,BB
第一拖拉机股份,hk00038,A,BB,A,BBB
鹰君,hk00041,A,BBB,A,BBB
大酒店,hk00045,BB,B,BB,BBB
大酒店,hk00045,BB,B,BB,BBB
国浩集团,hk00053,BBB,B,BBB,A
港铁公司,hk00066,A,BBB,AA,BBB
香格里拉(亚洲),hk00069,BB,B,BBB,BBB
美丽华酒店,hk00071,A,CCC,BBB,A
中国海外宏洋集团,hk00081,BBB,A,A,B
信和置业,hk00083,AA,BBB,A,BBB
新鸿基公司,hk00086,BBB,B,BBB,BBB
绿景中国地产,hk00095,BB,BB,A,BB
恒隆地产,hk00101,AAA,BBB,A,A
四川成渝高速公路,hk00107,BB,B,BB,BBB
周生生,hk00116,BB,BB,B,BB
保利置业集团,hk00119,BBB,BBB,AA,B
COSMOPOL INT'L,hk00120,B,B,BB,B
越秀地产,hk00123,A,A,BBB,BBB
昆仑能源,hk00135,AA,BBB,AA,A
中国儒意,hk00136,BB,BB,BB,BBB
第一太平,hk00142,B,CCC,BB,BB
招商局港口,hk00144,A,BBB,A,BBB
建滔集团,hk00148,BB,BB,BB,BBB
中国旺旺,hk00151,BBB,BBB,BBB,BB
深圳国际,hk00152,AA,A,A,A
中国光大控股,hk00165,BB,B,BBB,BB
青岛啤酒股份,hk00168,AA,BB,AA,A
嘉华国际,hk00173,BBB,BB,A,BBB
江苏宁沪高速公路,hk00177,B,B,BB,BBB
德昌电机控股,hk00179,BBB,B,BBB,A
协合新能源,hk00182,BBB,BBB,A,BB
正商实业,hk00185,CCC,B,BBB,CCC
京城机电股份,hk00187,B,CC,BB,BBB
东岳集团,hk00189,BB,B,A,BBB
新濠国际发展,hk00200,BBB,BBB,BB,BBB
和记电讯香港,hk00215,AA,BBB,BBB,A
统一企业中国,hk00220,A,BBB,BBB,BBB
阿里健康,hk00241,A,BBB,BBB,BBB
信德集团,hk00242,A,BB,A,BBB
冠城钟表珠宝,hk00256,CCC,B,BB,CCC
中信股份,hk00267,BB,BBB,A,B
金蝶国际,hk00268,BBB,C,A,BBB
粤海投资,hk00270,BBB,BB,AA,BBB
瑞安房地产,hk00272,A,BBB,BBB,A
瑞安房地产,hk00272,A,BBB,BBB,A
万洲国际,hk00288,BBB,BBB,BBB,BBB
国泰航空,hk00293,A,BBB,A,A
中化化肥,hk00297,BB,BB,BB,BB
中手游,hk00302,B,B,BB,BB
VTECH HOLDINGS,hk00303,BBB,BB,BBB,A
香港中旅,hk00308,BB,BB,B,BB
思派健康,hk00314,B,B,BB,BBB
东方海外国际,hk00316,A,BBB,A,A
中船防务,hk00317,BBB,B,BBB,A
康师傅控股,hk00322,BBB,BB,A,BBB
马鞍山钢铁股份,hk00323,A,BB,AA,BBB
百富环球,hk00327,BBB,BB,BBB,BBB
华宝国际,hk00336,A,BBB,BBB,BB
绿地香港,hk00337,BB,BBB,A,B
上海石油化工股份,hk00338,BB,CCC,BBB,BBB
大家乐集团,hk00341,BBB,BB,BBB,BB
VITASOY INT'L,hk00345,BBB,B,BB,BBB
VITASOY INT'L,hk00345,BBB,B,BB,BBB
鞍钢股份,hk00347,BBB,BB,BBB,BBB
中国软件国际,hk00354,BB,B,B,BBB
美兰空港,hk00357,BB,BB,A,BB
江西铜业股份,hk00358,BBB,A,B,B
上海实业控股,hk00363,CCC,CCC,BB,BBB
北控水务集团,hk00371,BBB,BB,A,BB
中国燃气,hk00384,A,A,A,BB
中国石油化工股份,hk00386,A,BBB,BB,A
中国中铁,hk00390,A,B,AA,A
北京控股,hk00392,A,BBB,AA,BBB
北京控股,hk00392,A,BBB,AA,BBB
SOHO中国,hk00410,BBB,BB,A,BBB
SOHO中国,hk00410,BBB,BB,A,BBB
山高控股,hk00412,BB,BB,BBB,BB
敏实集团,hk00425,A,BBB,BBB,BBB
大新金融,hk00440,CCC,CCC,BBB,BB
四环医药,hk00460,BBB,B,BBB,BBB
联合能源集团,hk00467,BBB,B,A,BB
俄铝,hk00486,A,BBB,BBB,A
东风集团股份,hk00489,CCC,BB,CCC,BBB
国美零售,hk00493,C,CCC,BB,CCC
国美零售,hk00493,C,CCC,BB,CCC
中国食品,hk00506,BBB,BB,A,BB
远大医药,hk00512,BBB,BB,A,BB
呷哺呷哺,hk00520,BB,CCC,BBB,BB
ASMPT,hk00522,A,BBB,BBB,BBB
广深铁路股份,hk00525,B,B,BB,BBB
金地商置,hk00535,BB,BBB,BBB,B
阜丰集团,hk00546,A,BB,A,BBB
深圳高速公路股份,hk00548,BBB,BB,BBB,BBB
裕元集团,hk00551,BBB,B,BBB,A
中国通信服务,hk00552,BBB,B,A,BB
南京熊猫电子股份,hk00553,BBB,BBB,BBB,BB
力劲科技,hk00558,BB,B,BBB,BB
郑煤机,hk00564,A,CCC,A,A
山东墨龙,hk00568,B,BB,BBB,B
中国中药,hk00570,BBB,B,A,BB
京能清洁能源,hk00579,BBB,BB,AA,BBB
中国东方集团,hk00581,BBB,BBB,BBB,B
海螺创业,hk00586,BBB,B,A,BBB
海螺环保,hk00587,BB,CCC,A,BBB
北京北辰实业股份,hk00588,BB,BB,BB,BBB
六福集团,hk00590,BBB,BB,BBB,BBB
中国外运,hk00598,BBB,BBB,BBB,BBB
深圳控股,hk00604,BBB,BBB,A,BB
三一国际,hk00631,A,BB,A,BBB
KLN,hk00636,BBB,BBB,BBB,BB
首钢资源,hk00639,A,BBB,A,BBB
普达特科技,hk00650,BB,BB,BBB,BBB
复星国际,hk00656,BB,BB,BBB,BB
中国高速传动,hk00658,BBB,BBB,A,BB
周大福创建,hk00659,BBB,BB,BBB,A
周大福创建,hk00659,BBB,BB,BBB,A
瑞浦兰钧,hk00666,BB,BB,A,BB
中国东方教育,hk00667,BBB,BB,BBB,BB
创科实业,hk00669,BB,BB,BB,BBB
中国东方航空股份,hk00670,BB,BB,BBB,BBB
嘉里建设,hk00683,AA,BBB,A,AA
中国海外发展,hk00688,A,A,BBB,BB
北京首都机场股份,hk00694,BBB,B,A,BBB
中国民航信息网络,hk00696,A,CCC,A,A
首程控股,hk00697,A,BBB,A,A
恒大汽车,hk00708,CCC,CCC,BBB,B
恒大汽车,hk00708,CCC,CCC,BBB,B
恒大汽车,hk00708,CCC,CCC,BBB,B
京东方精电,hk00710,BB,BBB,BB,BB
山东新华制药股份,hk00719,A,B,A,A
山东新华制药股份,hk00719,A,B,A,A
中国电信,hk00728,A,BB,A,A
信利国际,hk00732,B,B,BBB,BB
亚洲水泥(中国),hk00743,A,BBB,A,A
创维集团,hk00751,BB,BBB,BB,BB
中国国航,hk00753,BBB,BB,A,BBB
中国联通,hk00762,BB,BBB,A,B
中兴通讯,hk00763,AA,BBB,BBB,A
阅文集团,hk00772,BBB,BB,BBB,BB
长江生命科技,hk00775,BB,CCC,BBB,BB
网龙,hk00777,BBB,B,BBB,BB
同程旅行,hk00780,BBB,B,BBB,BBB
中国铁塔,hk00788,AA,BB,A,A
IGG,hk00799,BBB,B,BBB,BBB
惠理集团,hk00806,B,CC,BBB,BB
新华文轩,hk00811,A,B,A,BBB
世茂集团,hk00813,CCC,BBB,BBB,CC
中国金茂,hk00817,A,AA,A,BB
天能动力,hk00819,BB,B,BBB,BB
天工国际,hk00826,BBB,BB,A,BB
建业地产,hk00832,BB,BBB,A,CCC
华润电力,hk00836,BBB,BB,BBB,BBB
中教控股,hk00839,BB,B,BBB,BB
微创医疗,hk00853,BBB,BB,BBB,BB
中国水务,hk00855,B,BB,BBB,BB
伟仕佳杰,hk00856,CCC,B,BB,B
中国石油股份,hk00857,A,BBB,CCC,AA
康哲药业,hk00867,AA,A,BBB,BBB
信义玻璃,hk00868,BB,B,BB,BBB
世茂服务,hk00873,B,BB,B,BBB
白云山,hk00874,BBB,B,A,BBB
澳博控股,hk00880,BBB,BB,BBB,BBB
中升控股,hk00881,BBB,B,BBB,BBB
中国海洋石油,hk00883,AA,BBB,A,AA
旭辉控股集团,hk00884,B,BB,BBB,CCC
旭辉控股集团,hk00884,B,BB,BBB,CCC
东江环保,hk00895,BB,CCC,BBB,BBB
华能国际电力股份,hk00902,BBB,BB,A,BBB
中粮包装,hk00906,CC,C,BBB,BB
明源云,hk00909,BB,C,BB,BBB
海螺水泥,hk00914,BB,BB,BB,A
龙源电力,hk00916,A,BB,AA,BBB
海信家电,hk00921,BBB,BB,A,BBB
非凡领越,hk00933,BBB,BBB,BBB,BB
中石化冠德,hk00934,AA,BB,A,A
新天绿色能源,hk00956,A,BBB,BBB,BBB
龙湖集团,hk00960,A,A,AA,BB
中国太平,hk00966,BBB,BBB,A,BBB
信义光能,hk00968,BBB,BB,BBB,BBB
MONGOL MINING,hk00975,CCC,CC,BBB,B
中芯国际,hk00981,BBB,BB,BBB,BBB
荣晖国际,hk00990,BB,B,BBB,BB
大唐发电,hk00991,B,CCC,A,BB
安徽皖通高速公路,hk00995,CCC,CCC,CCC,BBB
中信银行,hk00998,A,BBB,BBB,A
新城发展,hk01030,A,A,AA,BB
中石化油服,hk01033,BB,BBB,B,BB
长江基建集团,hk01038,BBB,BB,BB,A
恒安国际,hk01044,BBB,BB,BBB,BBB
恒安国际,hk01044,BBB,BB,BBB,BBB
越秀交通基建,hk01052,BBB,BB,A,BBB
重庆钢铁股份,hk01053,BB,CCC,AA,BBB
中国南方航空股份,hk01055,BBB,BB,BBB,A
浙江世宝,hk01057,BB,B,BBB,BBB
阿里影业,hk01060,BBB,BB,BB,BBB
天津创业环保股份,hk01065,BB,CCC,A,BB
威高股份,hk01066,BBB,B,BBB,A
TCL电子,hk01070,BBB,A,BBB,BB
华电国际电力股份,hk01071,B,CCC,A,BBB
东方电气,hk01072,BBB,BB,A,BB
港华智慧能源,hk01083,BBB,BB,A,BBB
中国神华,hk01088,A,BB,BBB,A
石药集团,hk01093,BBB,B,BBB,BB
路劲,hk01098,BB,BBB,BBB,B
国药控股,hk01099,BBB,BB,A,BB
凯盛新能,hk01108,CCC,CCC,BBB,B
H&H国际控股,hk01112,A,BB,BBB,BBB
长实集团,hk01113,AAA,BBB,A,AA
BRILLIANCE CHI,hk01114,C,B,CC,CCC
现代牧业,hk01117,BB,CCC,BBB,BBB
创梦天地,hk01119,BB,B,BB,BB
金阳新能源,hk01121,B,CCC,BBB,BB
香港科技探索,hk01137,CCC,B,B,BB
中远海能,hk01138,A,BB,A,A
中联重科,hk01157,BBB,B,BB,BBB
中广核矿业,hk01164,BBB,BB,A,BB
加科思-B,hk01167,BBB,B,BBB,A
兖矿能源,hk01171,A,BBB,AA,BBB
珠光控股,hk01176,CCC,B,BBB,CCC
中国生物制药,hk01177,A,BBB,BBB,BBB
澳能建设,hk01183,B,B,BBB,B
华润燃气,hk01193,BBB,BBB,A,BB
伟禄集团,hk01196,CCC,B,BBB,B
皇朝家居,hk01198,CC,B,BB,CCC
中远海运港口,hk01199,A,B,A,BBB
五矿资源,hk01208,BBB,BBB,A,BB
华润万象生活,hk01209,A,BBB,BBB,BBB
中原银行,hk01216,A,BB,A,A
中渝置地,hk01224,B,BB,BB,BB
时代中国控股,hk01233,B,BBB,A,CC
宝龙地产,hk01238,B,B,BBB,B
思路迪医药股份,hk01244,BB,CCC,BBB,BBB
山高新能源,hk01250,A,BBB,A,BBB
中国天瑞水泥,hk01252,BB,B,A,BB
中国光大绿色环保,hk01257,BB,B,BBB,BB
中国有色矿业,hk01258,A,BBB,A,BBB
美东汽车,hk01268,BBB,BB,BBB,BBB
知行科技,hk01274,CC,C,B,BBB
力量发展,hk01277,CCC,CC,BBB,B
中泽丰,hk01282,BB,CCC,BBB,BBB
农业银行,hk01288,A,BBB,BB,AA
先健科技,hk01302,BB,B,BB,BBB
海丰国际,hk01308,BBB,BB,BBB,A
海丰国际,hk01308,BBB,BB,BBB,A
香港宽频,hk01310,BBB,A,BB,BBB
华润建材科技,hk01313,BB,BB,BB,BBB
耐世特,hk01316,BBB,B,BBB,BBB
新华保险,hk01336,BBB,CCC,A,A
中国人民保险集团,hk01339,A,A,BBB,A
昊天国际建投,hk01341,CC,CC,B,BB
华虹半导体,hk01347,BBB,B,BBB,BBB
复旦张江,hk01349,A,B,BBB,A
复旦张江,hk01349,A,B,BBB,A
美图公司,hk01357,B,BB,BBB,BB
361度,hk01361,A,BBB,BBB,BBB
特步国际,hk01368,BBB,BB,BBB,BBB
中州证券,hk01375,B,CCC,A,B
中国宏桥,hk01378,A,BBB,A,BBB
粤丰环保,hk01381,BB,B,BBB,BBB
上海复旦,hk01385,BB,BB,BBB,BBB
达势股份,hk01405,B,CCC,BB,BB
福寿园,hk01448,AA,A,A,A
国联民生,hk01456,BBB,CC,BBB,BBB
周黑鸭,hk01458,BBB,BBB,BBB,BB
京基金融国际,hk01468,CCC,C,BB,BB
欧康维视生物-B,hk01477,A,B,A,BBB
丘钛科技,hk01478,BBB,BB,BBB,BBB
中国再保险,hk01508,BBB,CCC,BBB,A
丽珠医药,hk01513,A,B,A,BBB
华润医疗,hk01515,BB,CCC,A,BB
融创服务,hk01516,BBB,BB,A,BBB
极兔速递-W,hk01519,B,BB,CC,BBB
方达控股,hk01521,BB,BB,BBB,BB
红星美凯龙,hk01528,CC,CCC,BBB,B
三生制药,hk01530,A,BBB,A,A
宜明昂科-B,hk01541,BB,CCC,B,A
金斯瑞生物科技,hk01548,A,BBB,BBB,A
东阳光长江药业,hk01558,BB,C,BB,BBB
颐海国际,hk01579,A,BB,BBB,BBB
雅迪控股,hk01585,AA,BB,AA,A
天伦燃气,hk01600,BBB,BB,BBB,BBB
国银金租,hk01606,BBB,A,A,BB
中粮家佳康,hk01610,B,B,BBB,CCC
中国中冶,hk01618,BBB,B,AA,BBB
力高集团,hk01622,CC,BB,BBB,C
力高集团,hk01622,CC,BB,BBB,C
禹洲集团,hk01628,BBB,A,A,B
大众公用,hk01635,BBB,BB,BBB,BBB
邮储银行,hk01658,A,BB,BBB,AA
同仁堂科技,hk01666,AA,BB,A,A
华南城,hk01668,CC,BB,BB,CC
华南城,hk01668,CC,BB,BB,CC
亚信科技,hk01675,BB,CCC,BBB,BBB
新意网集团,hk01686,BB,CCC,BBB,BB
JS环球生活,hk01691,BBB,BB,BBB,A
德林控股,hk01709,CCC,C,B,BB
澳优,hk01717,A,BBB,BBB,BBB
洲际航天科技,hk01725,BB,BB,BB,BB
新城悦服务,hk01755,BBB,BB,BBB,BBB
英恒科技,hk01760,BB,B,BBB,BBB
中国同辐,hk01763,BBB,BB,BBB,BBB
中国中车,hk01766,AA,BBB,A,A
赣锋锂业,hk01772,A,A,A,BB
天立国际控股,hk01773,B,BB,BB,BB
广发证券,hk01776,A,B,AA,BBB
山东黄金,hk01787,AA,A,BBB,BBB
国泰君安国际,hk01788,BBB,B,A,BBB
爱康医疗,hk01789,BBB,BB,BBB,BBB
东方甄选,hk01797,BBB,B,BBB,BBB
大唐新能源,hk01798,BBB,BB,A,BB
新特能源,hk01799,BBB,B,A,BBB
中国交通建设,hk01800,BB,B,BB,BBB
信达生物,hk01801,A,BBB,A,BBB
中广核新能源,hk01811,B,B,BBB,BB
晨鸣纸业,hk01812,BB,BBB,BB,BB
合景泰富集团,hk01813,BB,BBB,A,B
中广核电力,hk01816,BBB,BB,A,BBB
招金矿业,hk01818,BB,BB,A,BB
ESR,hk01821,A,BB,A,A
平安好医生,hk01833,BBB,BB,BBB,BBB
九兴控股,hk01836,B,CCC,B,BBB
中庆股份,hk01855,CC,C,BB,BB
春立医疗,hk01858,BBB,B,A,BBB
汇量科技,hk01860,BBB,BB,BBB,BB
中国心连心化肥,hk01866,BBB,BB,A,BBB
维亚生物,hk01873,B,BBB,BB,BB
百威亚太,hk01876,AA,BBB,A,A
君实生物,hk01877,BBB,B,BB,BBB
中国中免,hk01880,A,BB,A,A
海天国际,hk01882,BBB,B,A,BBB
海天国际,hk01882,BBB,B,A,BBB
建滔积层板,hk01888,BB,BB,BBB,BB
中国科培,hk01890,CCC,BB,B,B
猫眼娱乐,hk01896,BBB,B,BBB,BBB
中煤能源,hk01898,BB,B,CCC,A
海通恒信,hk01905,BBB,BBB,A,BBB
中国旭阳集团,hk01907,BBB,BB,A,BB
建发国际集团,hk01908,BBB,BBB,AA,B
火岩控股(新),hk01909,BB,B,B,BBB
火岩控股(新),hk01909,BB,B,B,BBB
火岩控股(新),hk01909,BB,B,B,BBB
新秀丽,hk01910,BB,BB,BB,BBB
普拉达,hk01913,A,BBB,BB,AA
江西银行,hk01916,BBB,CCC,BBB,A
融创中国,hk01918,BB,BBB,A,CCC
中远海控,hk01919,BBB,BBB,A,BBB
达力普控股,hk01921,B,CCC,BBB,BBB
金沙中国有限公司,hk01928,A,BBB,AA,BB
周大福,hk01929,BBB,BBB,BBB,BB
马可数字科技,hk01942,B,CCC,BB,BBB
锦欣生殖,hk01951,CCC,B,BBB,B
北京汽车,hk01958,CCC,BBB,CCC,BBB
重庆银行,hk01963,BB,BBB,BBB,BBB
中骏集团控股,hk01966,B,BB,A,B
信恳智能,hk01967,BB,B,B,BBB
中国春来,hk01969,B,B,B,BBB
太古地产,hk01972,AAA,A,A,A
太古地产,hk01972,AAA,A,A,A
华夏控股,hk01981,B,CCC,BB,BB
民生银行,hk01988,AA,BBB,AA,A
永升服务,hk01995,A,BBB,A,A
永升服务,hk01995,A,BBB,A,A
弘阳地产,hk01996,CC,B,BBB,C
九龙仓置业,hk01997,A,BBB,BBB,A
敏华控股,hk01999,BB,B,BBB,BB
新高教集团,hk02001,B,BBB,B,BB
石四药集团,hk02005,BBB,B,BBB,BB
金隅集团,hk02009,A,BBB,A,BBB
微盟集团,hk02013,B,CC,BB,BB
理想汽车-W,hk02015,BBB,BB,A,BBB
浙商银行,hk02016,A,BBB,BBB,A
德信中国,hk02019,CCC,B,A,CC
富智康集团,hk02038,BB,A,BB,BB
中集集团,hk02039,AA,BBB,AA,A
易居企业控股,hk02048,CC,B,BB,CC
中通快递-W,hk02057,B,BB,CCC,BBB
盛京银行,hk02066,A,BB,BBB,A
中铝国际,hk02068,B,BB,B,BB
BOSS直聘-W,hk02076,A,B,A,A
先声药业,hk02096,A,CCC,A,BBB
卓尔智联,hk02098,B,BBB,A,CCC
中国黄金国际,hk02099,BBB,B,A,BBB
来凯医药-B,hk02105,B,C,B,A
创新奇智,hk02121,BBB,C,A,BBB
药明巨诺-B,hk02126,BBB,BB,BBB,BBB
药明巨诺-B,hk02126,BBB,BB,BBB,BBB
中国联塑,hk02128,A,BBB,BBB,BBB
腾盛博药-B,hk02137,BB,CC,BBB,BBB
医思健康,hk02138,B,BBB,BB,BB
甘肃银行,hk02139,BB,BB,BB,BBB
和铂医药-B,hk02142,BBB,BB,BBB,BBB
上美股份,hk02145,BBB,B,BB,A
VESYNC,hk02148,BB,BB,BB,BBB
奈雪的茶,hk02150,BB,CC,BBB,A
森松国际,hk02155,B,B,B,BBB
乐普生物-B,hk02157,BBB,B,BBB,BBB
医渡科技,hk02158,CCC,B,BBB,BB
心通医疗-B,hk02160,BBB,B,BBB,BBB
康诺亚-B,hk02162,BBB,BB,BBB,BBB
沧港铁路,hk02169,BB,BB,BB,BBB
科济药业-B,hk02171,BB,C,BBB,A
微创脑科学,hk02172,A,BB,BBB,A
瑞科生物-B,hk02179,B,CC,BB,BBB
百心安-B,hk02185,B,CC,BB,BBB
绿叶制药,hk02186,A,B,A,BBB
归创通桥-B,hk02190,A,B,A,BBB
医脉通,hk02192,A,B,BBB,A
复星医药,hk02196,BBB,BB,A,BB
三叶草生物-B,hk02197,BB,B,BBB,BB
万科企业,hk02202,A,A,BB,BBB
金风科技,hk02208,A,BBB,A,BBB
安德利果汁,hk02218,B,B,BB,BB
晶苑国际,hk02232,BBB,BB,BB,BBB
西部水泥,hk02233,BBB,BB,A,BBB
微泰医疗-B,hk02235,A,B,BBB,A
广汽集团,hk02238,B,BBB,CCC,A
力勤资源,hk02245,BB,BB,BBB,BB
微创机器人-B,hk02252,BBB,B,BBB,BBB
圣诺医药-B,hk02257,CCC,CC,BBB,CCC
药明合联,hk02268,BBB,B,BBB,A
药明生物,hk02269,AAA,A,A,A
固生堂,hk02273,BBB,CCC,BBB,A
雍禾医疗,hk02279,BB,B,BBB,BBB
泉峰控股,hk02285,BBB,B,BB,BBB
心泰医疗,hk02291,A,B,BBB,A
申洲国际,hk02313,A,BB,BBB,A
百奥赛图-B,hk02315,BBB,B,BBB,BBB
蒙牛乳业,hk02319,AA,A,A,BBB
云康集团,hk02325,BB,B,BBB,BBB
中国财险,hk02328,A,A,BBB,A
潍柴动力,hk02338,A,A,BBB,BBB
京信通信,hk02342,BB,BB,BB,BBB
太平洋航运,hk02343,BB,B,BBB,A
大新银行集团,hk02356,BB,CCC,BBB,A
大新银行集团,hk02356,BB,CCC,BBB,A
中航科工,hk02357,A,BBB,AA,BBB
药明康德,hk02359,AA,BBB,BB,AA
金川国际,hk02362,BBB,BB,BBB,BBB
巨子生物,hk02367,BBB,B,BBB,BBB
美丽田园医疗健康,hk02373,A,BBB,BBB,BBB
保诚,hk02378,BBB,B,A,BBB
中国电力,hk02380,BBB,BB,AA,B
中石化炼化工程,hk02386,A,BB,A,A
知乎-W,hk02390,BBB,B,A,BB
涂鸦智能-W,hk02391,A,B,BBB,A
心动公司,hk02400,BB,B,BB,BB
亿华通,hk02402,BBB,B,BBB,BBB
高视医疗,hk02407,BBB,BB,BB,BBB
百果园集团,hk02411,BBB,BB,BBB,BBB
德康农牧,hk02419,CCC,C,BB,BB
贝壳-W,hk02423,BB,BBB,BB,BB
友宝在线,hk02429,B,B,BB,BBB
美中嘉和,hk02453,CCC,C,BB,BBB
粉笔,hk02469,BB,B,BB,BBB
绿竹生物-B,hk02480,BBB,CCC,BB,A
科笛-B,hk02487,B,C,BB,BBB
速腾聚创,hk02498,CCC,CC,B,BB
启明医疗-B,hk02500,BB,B,BBB,BBB
君圣泰医药-B,hk02511,BB,CC,B,A
锅圈,hk02517,BBB,BB,BBB,BBB
茶百道,hk02555,B,CC,B,A
晋商银行,hk02558,A,BB,A,A
中银航空租赁,hk02588,BB,B,BBB,BB
中国铝业,hk02600,BBB,BB,BBB,BBB
中国太保,hk02601,A,BBB,BBB,A
万物云,hk02602,BBB,BBB,BB,A
上海医药,hk02607,BB,BB,A,BB
国泰海通,hk02611,AA,CC,AA,A
京东物流,hk02618,BBB,BBB,B,A
中国人寿,hk02628,BBB,BBB,BB,A
环球医疗,hk02666,A,B,A,BBB
中海物业,hk02669,BB,BB,A,BB
天虹国际集团,hk02678,BBB,BBB,BBB,BBB
新奥能源,hk02688,A,A,AA,BB
复宏汉霖,hk02696,A,BB,A,BB
上海电气,hk02727,BBB,BBB,BBB,B
中梁控股,hk02772,BB,BBB,A,CCC
富力地产,hk02777,B,BBB,BBB,CCC
久泰邦达能源,hk02798,BB,B,B,BBB
中信金融资产,hk02799,B,A,BBB,B
易鑫集团,hk02858,BBB,A,A,BBB
中远海发,hk02866,BBB,B,A,BBB
绿城服务,hk02869,BBB,BB,A,BB
神威药业,hk02877,A,BBB,B,A
辽港股份,hk02880,BB,BB,BB,BBB
中海油田服务,hk02883,BBB,B,AA,A
渣打集团,hk02888,AA,BBB,A,AA
融信中国,hk03301,CCC,B,BB,CCC
江南布衣,hk03306,B,BB,BB,BB
希玛医疗,hk03309,B,CCC,BBB,BB
中国建筑国际,hk03311,A,BB,A,BBB
雅生活服务,hk03319,A,BB,A,A
华润医药,hk03320,A,BB,AA,BBB
华润医药,hk03320,A,BB,AA,BBB
中国建材,hk03323,A,BBB,AA,BBB
交通银行,hk03328,A,BBB,BBB,A
中国恒大,hk03333,C,B,BB,C
中国恒大,hk03333,C,B,BB,C
中国龙工,hk03339,BB,CCC,BBB,BBB
泰格医药,hk03347,A,BBB,BBB,A
秦港股份,hk03369,BB,B,BBB,BBB
远洋集团,hk03377,A,A,AA,BB
龙光集团,hk03380,A,AA,A,BB
雅居乐集团,hk03383,B,A,BB,CCC
联想控股,hk03396,BBB,BBB,A,BBB
福耀玻璃,hk03606,A,BBB,BBB,A
同仁堂国药,hk03613,BBB,BB,BBB,BBB
重庆农村商业银行,hk03618,BBB,BB,BB,A
中裕能源,hk03633,BBB,BB,A,BBB
KEEP,hk03650,BB,CC,BBB,BBB
奇富科技-S,hk03660,A,BBB,BBB,BBB
兖煤澳大利亚,hk03668,A,B,A,A
永达汽车,hk03669,B,B,BB,BB
弘业期货,hk03678,BB,CCC,BBB,BB
翰森制药,hk03692,AA,BBB,BBB,A
翰森制药,hk03692,AA,BBB,BBB,A
徽商银行,hk03698,BBB,BBB,A,BBB
赢家时尚,hk03709,BB,B,BBB,BBB
阜博集团,hk03738,CCC,C,B,BB
康龙化成,hk03759,A,B,BBB,A
协鑫科技,hk03800,BBB,BBB,A,BB
中国重汽,hk03808,BBB,BB,AA,BBB
宝胜国际,hk03813,BB,B,BB,BBB
中国动向,hk03818,BB,BB,BB,BB
青岛银行,hk03866,A,BBB,BBB,AA
信义能源,hk03868,BB,BB,BB,BBB
中国船舶租赁,hk03877,B,A,BB,BBB
中国奥园,hk03883,C,B,BBB,C
中国奥园,hk03883,C,B,BBB,C
中国奥园,hk03883,C,B,BBB,C
金山软件,hk03888,A,B,BBB,BBB
金山云,hk03896,BB,B,BBB,BB
时代电气,hk03898,A,BB,AA,BBB
中集安瑞科,hk03899,BBB,BB,BBB,BBB
绿城中国,hk03900,BBB,BBB,AA,B
合景悠活,hk03913,BB,B,BB,BBB
金界控股,hk03918,BBB,BB,BB,BBB
中创新航,hk03931,BBB,BB,A,BBB
联邦制药,hk03933,BBB,CCC,A,BBB
东方证券,hk03958,BBB,BB,A,BB
招商银行,hk03968,AA,BBB,A,A
中国通号,hk03969,A,BBB,A,BBB
中海石油化学,hk03983,A,B,A,A
中国银行,hk03988,A,BBB,A,A
美的置业,hk03990,A,BB,AA,BB
洛阳钼业,hk03993,A,BBB,BB,A
中国能源建设,hk03996,BBB,B,AA,BBB
波司登,hk03998,BB,BB,B,BBB
波司登,hk03998,BB,BB,B,BBB
中信证券,hk06030,A,CCC,AA,BBB
保利物业,hk06049,AA,BB,AA,A
中烟香港,hk06055,BB,BB,BB,BBB
众安在线,hk06060,B,B,BB,BBB
中信建投证券,hk06066,A,CCC,A,A
盛业,hk06069,BBB,BBB,A,BB
海吉亚医疗,hk06078,BB,B,A,BBB
FIT HON TENG,hk06088,BBB,BBB,A,BB
碧桂园服务,hk06098,BBB,BB,BBB,BBB
招商证券,hk06099,BBB,CC,AA,BBB
同道猎聘,hk06100,BB,BB,BB,BBB
滔搏,hk06110,BBB,BB,BBB,BBB
九台农商银行,hk06122,B,CC,A,BB
昭衍新药,hk06127,BB,B,BB,BBB
正荣地产,hk06158,B,A,BBB,CC
百济神州,hk06160,A,BBB,BB,BBB
宇华教育,hk06169,CCC,B,B,BB
光大证券,hk06178,A,BB,A,BBB
康希诺生物,hk06185,BBB,B,A,BB
中国飞鹤,hk06186,AA,BBB,A,A
九江银行,hk06190,BBB,BBB,BBB,BBB
郑州银行,hk06196,BB,B,BBB,BBB
青岛港,hk06198,B,B,BB,BBB
朝云集团,hk06601,BB,BBB,BBB,BBB
飞天云动,hk06610,BBB,B,BB,A
环球新材国际,hk06616,A,BB,A,A
陆控,hk06623,BB,B,BBB,BBB
瑞尔集团,hk06639,BB,B,BBB,BBB
华新水泥,hk06655,BBB,BB,BBB,BBB
艾美疫苗,hk06660,BBB,B,A,BB
恒大物业,hk06666,B,B,A,B
金力永磁,hk06680,AA,BBB,A,A
第四范式,hk06682,BB,CCC,BBB,BBB
诺亚控股,hk06686,BB,CCC,A,B
海尔智家,hk06690,AA,BBB,A,A
时代天使,hk06699,BBB,B,BBB,BBB
申万宏源,hk06806,AA,CCC,A,A
中国光大银行,hk06818,AA,BBB,A,A
凯莱英,hk06821,AA,B,A,A
昊海生物科技,hk06826,A,BB,BBB,A
亚盛医药-B,hk06855,BB,B,BBB,BBB
福莱特玻璃,hk06865,AA,BB,A,A
长飞光纤光缆,hk06869,A,BBB,A,BB
中国银河,hk06881,A,BBB,AA,BB
HTSC,hk06886,AA,B,AA,A
业聚医疗,hk06929,BBB,B,BBB,BBB
博安生物,hk06955,A,BB,BBB,A
阳光保险,hk06963,AAA,BBB,AA,A
港龙中国地产,hk06968,B,BB,BBB,B
思摩尔国际,hk06969,A,BBB,BBB,A
永泰生物-B,hk06978,CCC,CCC,BB,BB
珍酒李渡,hk06979,AA,BBB,BBB,A
乐享集团,hk06988,A,BB,BBB,BBB
卓越商企服务,hk06989,BBB,BB,BB,A
科伦博泰生物-B,hk06990,A,BB,A,A
蓝月亮集团,hk06993,A,BBB,BBB,A
德琪医药-B,hk06996,BBB,B,BB,BBB
嘉和生物-B,hk06998,BB,CCC,BB,BBB
有赞,hk08083,CC,C,BB,B
耀星科技集团,hk08446,B,CCC,B,BB
哔哩哔哩-W,hk09626,BB,BBB,A,BB
农夫山泉,hk09633,A,BB,A,BBB
九方智投控股,hk09636,BB,CC,BB,BBB
法拉帝,hk09638,BBB,B,A,A
特海国际,hk09658,BB,B,BBB,BBB
金科服务,hk09666,BBB,BB,BBB,A
渤海银行,hk09668,BB,B,A,BBB
北森控股,hk09669,BB,C,BB,A
十月稻田,hk09676,BB,B,B,A
再鼎医药,hk09688,A,B,BBB,BBB
途虎-W,hk09690,BBB,BB,BB,BBB
天齐锂业,hk09696,AAA,BBB,A,AA
天齐锂业,hk09696,AAA,BBB,A,AA
顺丰同城,hk09699,A,BB,A,A
柠萌影视,hk09857,A,B,BBB,A
优然牧业,hk09858,BBB,B,AA,BB
艾迪康控股,hk09860,BB,CCC,BBB,BBB
零跑汽车,hk09863,A,BBB,AA,BBB
小鹏汽车-W,hk09868,BBB,A,BBB,BBB
海伦司,hk09869,BBB,CCC,BB,A
健世科技-B,hk09877,BBB,B,BBB,A
汇通达网络,hk09878,BB,BB,BBB,BBB
药师帮,hk09885,A,BB,A,BBB
叮当健康,hk09886,BBB,BB,A,BBB
东莞农商银行,hk09889,A,B,A,A
中旭未来,hk09890,B,BBB,BBB,BB
名创优品,hk09896,A,BBB,A,BBB
名创优品,hk09896,A,BBB,A,BBB
网易云音乐,hk09899,BBB,B,BBB,BBB
宝龙商业,hk09909,BB,B,BBB,BBB
九毛九,hk09922,A,B,A,A
移卡,hk09923,BB,BBB,BB,BBB
康方生物,hk09926,A,BBB,A,BBB
开拓药业-B,hk09939,B,CC,BBB,BBB
智云健康,hk09955,BB,B,BBB,BBB
安能物流,hk09956,BBB,B,BBB,A
联易融科技-W,hk09959,BBB,CC,BBB,A
康宁杰瑞制药-B,hk09966,BBB,CCC,BBB,A
汇景控股,hk09968,B,B,BBB,B
诺诚健华,hk09969,A,B,A,A
绿城管理控股,hk09979,BBB,BB,A,BB
建业新生活,hk09983,BB,B,A,BB
卫龙美味,hk09985,BBB,BB,BBB,BBB
百胜中国,hk09987,A,BB,BBB,A
海普瑞,hk09989,A,B,BB,A
祖龙娱乐,hk09990,BB,CCC,BB,BBB
宝尊电商-W,hk09991,B,BB,BBB,BB
泡泡玛特,hk09992,BB,BB,BBB,BBB
金辉控股,hk09993,B,BB,A,CCC
荣昌生物,hk09995,A,BB,A,BBB
沛嘉医疗-B,hk09996,B,CCC,BB,BB
康基医疗,hk09997,A,B,A,A
